gridNum,id,Binomial,Family,Provenance,notes
1,340-2014*D,Viburnum rufidulum,Adoxaceae,native,
2,101-81*A,Viburnum veitchii,Adoxaceae,non-invasive exotic,
2,14-87*B,Lonicera modesta,Caprifoliaceae,non-invasive exotic,
2,95-81*D,Lonicera nervosa,Caprifoliaceae,non-invasive exotic,
2,856-84*A,Lonicera xylosteum,Caprifoliaceae,invasive,
3,978-83*A,Berberis brachypoda,Berberidaceae,non-invasive exotic,
3,1706-80*A,Rhamnus hupehensis,Rhamnaceae,non-invasive exotic,
4,22144*G,Celastrus angulatus,Celastraceae,non-invasive exotic,
5,7178*C,Berberis julianae,Berberidaceae,invasive,
5,360-92*G,Berberis thibetica,Berberidaceae,non-invasive exotic,
5,19571*E,Hovenia dulcis,Rhamnaceae,invasive,
6,109-79*A,Viburnum cassinoides,Adoxaceae,native,
6,1838-80*D,Elaeagnus umbellata,Elaeagnaceae,invasive,
7,312-2018*C,Viburnum wrightii,Adoxaceae,non-invasive exotic,
7,75-67*B,Ailanthus giraldii,Simaroubaceae,non-invasive exotic,
7,76-67*A,Ailanthus vilmoriniana,Simaroubaceae,non-invasive exotic,
8,939-73*B,Mahonia japonica,Berberidaceae,non-invasive exotic,
8,241-2017*D,Lonicera canadensis,Caprifoliaceae,native,
9,7533*B,Viburnum buddleifolium,Adoxaceae,non-invasive exotic,
9,375-97*A,Viburnum burejaeticum,Adoxaceae,non-invasive exotic,
9,1903-80*B,Viburnum hupehense,Adoxaceae,non-invasive exotic,
9,51-60*D,Viburnum ichangense,Adoxaceae,non-invasive exotic,
9,68-2017*F,Viburnum obovatum,Adoxaceae,native,
9,759-2016*D,Viburnum orientale,Adoxaceae,non-invasive exotic,
9,363-92*C,Berberis amurensis,Berberidaceae,non-invasive exotic,
9,787-82*MASS,Berberis candidula,Berberidaceae,non-invasive exotic,
9,701-89*B,Berberis crataegina,Berberidaceae,non-invasive exotic,
9,370-92*A,Berberis francisci-ferdinandi,Berberidaceae,non-invasive exotic,
9,488-94*C,Berberis lecomtei,Berberidaceae,non-invasive exotic,
9,1040-90*C,Berberis thunbergii,Berberidaceae,invasive,
9,148-84*A,Mahonia aquifolium,Berberidaceae,native,Native range primarily west of the Mississippi River
9,772-94*B,Mahonia bealei,Berberidaceae,invasive,
9,108-2015*B,Nandina domestica,Berberidaceae,invasive,
9,1310-84*B,Lonicera alpigena,Caprifoliaceae,non-invasive exotic,
9,124-99*B,Lonicera hemsleyana,Caprifoliaceae,non-invasive exotic,
9,280-2015*A,Lonicera ligustrina,Caprifoliaceae,non-invasive exotic,
9,15118-3*A,Lonicera standishii,Caprifoliaceae,invasive,
9,80-2018*A,Euonymus obovatus,Celastraceae,native,
10,584-2008*B,Viburnum acerifolium,Adoxaceae,native,
10,255-2001*B,Viburnum betulifolium,Adoxaceae,non-invasive exotic,
10,229-98*B,Viburnum bracteatum,Adoxaceae,native,
10,1797-77*C,Viburnum carlesii,Adoxaceae,non-invasive exotic,
10,708-37*A,Viburnum corylifolium,Adoxaceae,non-invasive exotic,
10,512-83*D,Viburnum erosum,Adoxaceae,non-invasive exotic,
10,798-65*A,Viburnum erubescens,Adoxaceae,non-invasive exotic,
10,650-2010*A,Viburnum glomeratum,Adoxaceae,non-invasive exotic,
10,1294-83*A,Viburnum lantana,Adoxaceae,invasive,
10,301-86*A,Viburnum lentago,Adoxaceae,native,
10,206-2004*A,Viburnum lobophyllum,Adoxaceae,non-invasive exotic,
10,386-81*D,Viburnum melanocarpum,Adoxaceae,non-invasive exotic,
10,18294*A,Viburnum molle,Adoxaceae,native,
10,352-78*C,Viburnum opulus,Adoxaceae,native,Classified as native (var. americanum); European var. opulus is invasive but arboretum accession treated as native
10,933-4*A,Viburnum plicatum,Adoxaceae,invasive,
10,227-2006*B,Viburnum rafinesquianum,Adoxaceae,native,
10,21064*B,Viburnum recognitum,Adoxaceae,native,
10,1387-82*C,Viburnum rhytidophyllum,Adoxaceae,non-invasive exotic,Hybrid V. × rhytidophylloides (V. rhytidophyllum × V. lantana) is invasive in Mid-Atlantic; this species itself retained as non-invasive exotic
10,379-97*A,Viburnum sargentii,Adoxaceae,non-invasive exotic,
10,911-79*MASS,Viburnum scabrellum,Adoxaceae,native,
10,398-62*D,Viburnum sieboldii,Adoxaceae,invasive,
10,412-2018*D,Viburnum utile,Adoxaceae,non-invasive exotic,
10,249-96*B,Lonicera caerulea,Caprifoliaceae,native,
10,973-81*A,Lonicera chrysantha,Caprifoliaceae,non-invasive exotic,
10,240-96*A,Lonicera floribunda,Caprifoliaceae,non-invasive exotic,
10,486-95*A,Lonicera iberica,Caprifoliaceae,non-invasive exotic,
10,381-83*A,Lonicera maximowiczii,Caprifoliaceae,non-invasive exotic,
10,368-95*C,Lonicera morrowii,Caprifoliaceae,invasive,
10,259-2000*A,Lonicera periclymenum,Caprifoliaceae,non-invasive exotic,
10,347-92*B,Lonicera tatsienensis,Caprifoliaceae,non-invasive exotic,
10,534-2002*MASS,Celastrus scandens,Celastraceae,native,
10,1089-81*B,Euonymus alatus,Celastraceae,invasive,
10,393-2004*B,Euonymus americanus,Celastraceae,native,
10,251-2013*C,Euonymus atropurpureus,Celastraceae,native,
10,937-50*A,Euonymus bungeanus,Celastraceae,non-invasive exotic,
10,1518-83*B,Euonymus europaeus,Celastraceae,invasive,
10,22677*A,Euonymus fortunei,Celastraceae,invasive,
10,351-95*B,Euonymus grandiflorus,Celastraceae,non-invasive exotic,
10,395-65*A,Euonymus hamiltonianus,Celastraceae,non-invasive exotic,
10,292-2011*A,Euonymus kiautschovica,Celastraceae,non-invasive exotic,
10,1481-23*A,Euonymus latifolius,Celastraceae,non-invasive exotic,
10,648-89*A,Euonymus maackii,Celastraceae,non-invasive exotic,
10,742-90*A,Euonymus nanus,Celastraceae,non-invasive exotic,
10,507-93*B,Euonymus oresbius,Celastraceae,non-invasive exotic,
10,1237-51*A,Euonymus oxyphyllus,Celastraceae,non-invasive exotic,
10,877-80*A,Euonymus phellomanus,Celastraceae,non-invasive exotic,
10,453-87*B,Elaeagnus lanceolata,Elaeagnaceae,non-invasive exotic,
10,543-49*B,Elaeagnus multiflora,Elaeagnaceae,invasive,
10,69-79*A,Morus bombycis,Moraceae,non-invasive exotic,
10,20187*C,Morus kagayamae,Moraceae,non-invasive exotic,Taxonomy uncertain; treated as synonym of Morus indica by Kew POWO; no invasive populations documented under this name
10,250-89*A,Berchemia scandens,Rhamnaceae,native,
11,293-2003*C,Viburnum farreri,Adoxaceae,non-invasive exotic,
11,392-2018*A,Viburnum setigerum,Adoxaceae,non-invasive exotic,"debateable, very minor invasive"
11,1453-77*MASS,Berberis poiretii,Berberidaceae,non-invasive exotic,
11,543-93*A,Lonicera etrusca,Caprifoliaceae,non-invasive exotic,
11,219-2000*A,Lonicera graebneri,Caprifoliaceae,non-invasive exotic,
11,1723-80*B,Lonicera gynochlamydea,Caprifoliaceae,non-invasive exotic,
11,419-2008*A,Lonicera henryi,Caprifoliaceae,non-invasive exotic,
11,393-96*A,Lonicera sempervirens,Caprifoliaceae,native,
11,694-83*A,Lonicera steveniana,Caprifoliaceae,non-invasive exotic,
11,1652-77*F,Lonicera subsessilis,Caprifoliaceae,non-invasive exotic,
11,299-78*B,Lonicera tatarica,Caprifoliaceae,invasive,
11,220-2000*B,Lonicera webbiana,Caprifoliaceae,non-invasive exotic,
11,373-2001*A,Euonymus carnosus,Celastraceae,non-invasive exotic,
11,327-2022*MASS,Ceanothus americanus,Rhamnaceae,native,
11,3025*A,Rhamnus davurica,Rhamnaceae,invasive,
12,449-87*C,Berberis aggregata,Berberidaceae,non-invasive exotic,
12,355-92*B,Berberis asiatica,Berberidaceae,non-invasive exotic,
12,173-83*A,Berberis dielsiana,Berberidaceae,non-invasive exotic,
12,906-87*A,Berberis gilgiana,Berberidaceae,non-invasive exotic,
12,791-82*A,Berberis koreana,Berberidaceae,non-invasive exotic,
12,359-92*C,Berberis polyantha,Berberidaceae,non-invasive exotic,
12,1449-77*A,Berberis quelpaertensis,Berberidaceae,non-invasive exotic,
12,950-83*A,Berberis virescens,Berberidaceae,non-invasive exotic,
13,2025-1*A,Viburnum dentatum,Adoxaceae,native,
13,2025-2*A,Ailanthus altissima,Simaroubaceae,invasive,
13,2025-3*A,Celastrus orbiculatus,Celastraceae,invasive,
13,2025-4*A,Rhamnus cathartica,Rhamnaceae,invasive,
13,2025-5*A,Frangula alnus,Rhamnaceae,invasive,
13,392-92*A,Lonicera bella,Caprifoliaceae,invasive,Hybrid (Lonicera morrowii × L. tatarica)
13,338-92*B,Lonicera deflexicalyx,Caprifoliaceae,non-invasive exotic,
13,695-88*B,Lonicera ferdinandi,Caprifoliaceae,non-invasive exotic,
13,815-84*A,Lonicera koehneana,Caprifoliaceae,non-invasive exotic,
13,806-84*A,Lonicera maackii,Caprifoliaceae,invasive,
13,694-88*B,Lonicera ruprechtiana,Caprifoliaceae,invasive,
13,47-67*A,Morus alba,Moraceae,invasive,
14,1804-77*C,Viburnum dilatatum,Adoxaceae,invasive,
14,17988*B,Viburnum furcatum,Adoxaceae,non-invasive exotic,
14,438-2011*B,Viburnum lantanoides,Adoxaceae,native,
14,11822*A,Lonicera muscaviensis,Caprifoliaceae,invasive,Hybrid (Lonicera morrowii × L. ruprechtiana); may be dropped from future analysis
14,679-87*A,Morus australis,Moraceae,non-invasive exotic,
14,796-85*A,Morus rubra,Moraceae,native,
14,30-96*A,Leitneria floridana,Simaroubaceae,native,
15,683-75*A,Picrasma quassioides,Simaroubaceae,non-invasive exotic,
16,627-2016*A,Viburnum nudum,Adoxaceae,native,
16,975-83*B,Berberis ottawensis,Berberidaceae,invasive,Hybrid (Berberis thunbergii × B. vulgaris)
16,341-81*MASS,Berberis virgetorum,Berberidaceae,non-invasive exotic,
16,538-78*A,Berberis vulgaris,Berberidaceae,invasive,
16,18-92*B,Lonicera pileata,Caprifoliaceae,non-invasive exotic,
16,2025-6*A,Lonicera japonica,Caprifoliaceae,invasive,
