Grid #,Accession #,Species Name,Type,Leaf #,Date,Mass (mg),Toughness (N),Thickness (mm),SLA,Chlorophyll Content,,,,,,,,,,,,,
9,1310-84*B,Lonicera alpigena,Non-invasive exotic,1,716,71,1.02,0.125,,,,,,,,,,,,,,,
9,1310-84*B,Lonicera alpigena,Non-invasive exotic,2,716,162,0.83,0.135,,,,,,,,,,,,,,,
9,1310-84*B,Lonicera alpigena,Non-invasive exotic,3,716,254,0.71,0.147,,,,,,,,,,,,,,,
9,1310-84*B,Lonicera alpigena,Non-invasive exotic,4,716,325,0.89,0.216,,,,,,,,,,,,,,,
9,1310-84*B,Lonicera alpigena,Non-invasive exotic,5,716,504,0.81,0.25,,,,,,,,,,,,,,,
9,15118-3*A,Lonicera standishii,Non-invasive exotic,1,716,98,0.71,0.142,,,,,,,,,,,,,,,
9,15118-3*A,Lonicera standishii,Non-invasive exotic,2,716,121,0.69,0.124,,,,,,,,,,,,,,,
9,15118-3*A,Lonicera standishii,Non-invasive exotic,3,716,490,0.88,0.222,,,,,,,,,,,,,,,
9,15118-3*A,Lonicera standishii,Non-invasive exotic,4,716,1121,1.47,0.349,,,,,,,,,,,,,,,
9,15118-3*A,Lonicera standishii,Non-invasive exotic,5,716,855,1.33,0.278,,,,,,,,,,,,,,,
1,2025-6*A,Lonicera japonica,Invasive,1,717,47,0.43,0.104,,,,,,,,,,,,,,,
1,2025-6*A,Lonicera japonica,Invasive,2,717,79,0.65,0.117,,,,,,,,,,,,,,,
1,2025-6*A,Lonicera japonica,Invasive,3,717,104,0.74,0.115,,,,,,,,,,,,,,,
1,2025-6*A,Lonicera japonica,Invasive,4,717,131,0.55,0.102,,,,,,,,,,,,,,,
1,2025-6*A,Lonicera japonica,Invasive,5,717,275,0.84,0.158,,,,,,,,,,,,,,,
10,240-96*A,Lonicera floribunda,Non-invasive exotic,1,714,174,0.56,0.117,,,,,,,,,,,,,,,
10,240-96*A,Lonicera floribunda,Non-invasive exotic,2,714,244,0.39,0.127,,,,,,,,,,,,,,,
10,240-96*A,Lonicera floribunda,Non-invasive exotic,3,714,419,0.5,0.139,,,,,,,,,,,,,,,
10,240-96*A,Lonicera floribunda,Non-invasive exotic,4,714,383,0.38,0.137,,,,,,,,,,,,,,,
10,240-96*A,Lonicera floribunda,Non-invasive exotic,5,714,693,0.54,0.158,,,,,,,,,,,,,,,
8,241-2017*D,Lonicera canadensis,Native,1,715,28,0.65,0.125,,,,,,,,,,,,,,,
8,241-2017*D,Lonicera canadensis,Native,2,715,93,0.73,0.107,,,,,,,,,,,,,,,
8,241-2017*D,Lonicera canadensis,Native,3,715,172,0.45,0.121,,,,,,,,,,,,,,,
8,241-2017*D,Lonicera canadensis,Native,4,715,195,0.51,0.11,,,,,,,,,,,,,,,
8,241-2017*D,Lonicera canadensis,Native,5,715,309,0.57,0.152,,,,,,,,,,,,,,,
10,249-96*B,Lonicera caerulea,Native,1,714,42,0.54,0.145,,,,,,,,,,,,,,,
10,249-96*B,Lonicera caerulea,Native,2,714,129,0.55,0.174,,,,,,,,,,,,,,,
10,249-96*B,Lonicera caerulea,Native,3,714,132,0.61,0.152,,,,,,,,,,,,,,,
10,249-96*B,Lonicera caerulea,Native,4,714,105,0.46,0.164,,,,,,,,,,,,,,,
10,249-96*B,Lonicera caerulea,Native,5,714,174,0.44,0.164,,,,,,,,,,,,,,,
11,299-78*B,Lonicera tatarica,Invasive,1,716,107,0.49,0.114,,,,,,,,,,,,,,,
11,299-78*B,Lonicera tatarica,Invasive,2,716,112,0.44,0.091,,,,,,,,,,,,,,,
11,299-78*B,Lonicera tatarica,Invasive,3,716,186,0.55,0.095,,,,,,,,,,,,,,,
11,299-78*B,Lonicera tatarica,Invasive,4,716,187,0.37,0.07,,,,,,,,,,,,,,,
11,299-78*B,Lonicera tatarica,Invasive,5,716,306,0.46,0.097,,,,,,,,,,,,,,,
10,368-95*C,Lonicera morrowii,Invasive,1,714,65,0.42,0.142,,,,,,,,,,,,,,,
10,368-95*C,Lonicera morrowii,Invasive,2,714,107,0.47,0.139,,,,,,,,,,,,,,,
10,368-95*C,Lonicera morrowii,Invasive,3,714,147,0.38,0.17,,,,,,,,,,,,,,,
10,368-95*C,Lonicera morrowii,Invasive,4,714,173,0.53,0.108,,,,,,,,,,,,,,,
10,368-95*C,Lonicera morrowii,Invasive,5,714,212,0.46,0.117,,,,,,,,,,,,,,,
13,392-92*B,Lonicera bella,Invasive,1,716,69,0.37,0.085,,,,,,,,,,,,,,,
13,392-92*B,Lonicera bella,Invasive,2,716,136,0.42,0.134,,,,,,,,,,,,,,,
13,392-92*B,Lonicera bella,Invasive,3,716,123,0.39,0.124,,,,,,,,,,,,,,,
13,392-92*B,Lonicera bella,Invasive,4,716,142,0.44,0.12,,,,,,,,,,,,,,,
13,392-92*B,Lonicera bella,Invasive,5,716,260,0.31,0.101,,,,,,,,,,,,,,,
11,393-96*A,Lonicera sempervirens,Native,1,716,51,0.53,0.104,,,,,,,,,,,,,,,
11,393-96*A,Lonicera sempervirens,Native,2,716,87,0.68,0.177,,,,,,,,,,,,,,,
11,393-96*A,Lonicera sempervirens,Native,3,716,200,0.55,0.205,,,,,,,,,,,,,,,
11,393-96*A,Lonicera sempervirens,Native,4,716,336,0.64,0.233,,,,,,,,,,,,,,,
11,393-96*A,Lonicera sempervirens,Native,5,716,482,0.63,0.284,,,,,,,,,,,,,,,
10,486-95*A,Lonicera iberica,Non-invasive exotic,1,714,75,0.59,0.132,,,,,,,,,,,,,,,
10,486-95*A,Lonicera iberica,Non-invasive exotic,2,714,102,0.48,0.183,,,,,,,,,,,,,,,
10,486-95*A,Lonicera iberica,Non-invasive exotic,3,714,136,0.5,0.203,,,,,,,,,,,,,,,
10,486-95*A,Lonicera iberica,Non-invasive exotic,4,714,122,0.71,0.177,,,,,,,,,,,,,,,
10,486-95*A,Lonicera iberica,Non-invasive exotic,5,714,126,0.65,0.134,,,,,,,,,,,,,,,
13,806-84*A,Lonicera maackii,Invasive,1,716,80,0.74,0.095,,,,,,,,,,,,,,,
13,806-84*A,Lonicera maackii,Invasive,2,716,57,0.65,0.076,,,,,,,,,,,,,,,
13,806-84*A,Lonicera maackii,Invasive,3,716,63,0.85,0.095,,,,,,,,,,,,,,,
13,806-84*A,Lonicera maackii,Invasive,4,716,181,0.47,0.092,,,,,,,,,,,,,,,
13,806-84*A,Lonicera maackii,Invasive,5,716,477,0.6,0.106,,,,,,,,,,,,,,,
2,856-84*A,Lonicera xylosteum,Invasive,1,715,144,0.52,0.136,,,,,,,,,,,,,,,
2,856-84*A,Lonicera xylosteum,Invasive,2,715,214,0.49,0.136,,,,,,,,,,,,,,,
2,856-84*A,Lonicera xylosteum,Invasive,3,715,231,0.56,0.234,,,,,,,,,,,,,,,
2,856-84*A,Lonicera xylosteum,Invasive,4,715,248,0.51,0.171,,,,,,,,,,,,,,,
2,856-84*A,Lonicera xylosteum,Invasive,5,715,368,0.57,0.157,,,,,,,,,,,,,,,
2,95-81*D,Lonicera nervosa,Non-invasive exotic,1,715,159,0.73,0.132,,,,,,,,,,,,,,,
2,95-81*D,Lonicera nervosa,Non-invasive exotic,2,715,160,0.55,0.14,,,,,,,,,,,,,,,
2,95-81*D,Lonicera nervosa,Non-invasive exotic,3,715,192,0.74,0.153,,,,,,,,,,,,,,,
2,95-81*D,Lonicera nervosa,Non-invasive exotic,4,715,271,0.84,0.146,,,,,,,,,,,,,,,
2,95-81*D,Lonicera nervosa,Non-invasive exotic,5,715,338,0.8,0.148,,,,,,,,,,,,,,,